seller_id,seller_name,seller_city
1,Fletcher and Sons,New Keithmouth
2,"Fisher, Larson and Weaver",Spearstown
3,Peterson-Reed,Hernandezfort
4,Patel and Sons,Scottton
5,"Phelps, Faulkner and Welch",Christopherhaven
6,Torres-Potter,Craigtown
7,Weber and Sons,Annettechester
8,Potter LLC,Fritzfurt
9,"Anderson, Lawson and Atkinson",South Jefferyville
10,"Roberts, Hancock and Wang",Piercestad
11,Barnes PLC,Luisstad
12,"Garcia, Dyer and Horne",Wayneside
13,Perez-Powell,Mitchellmouth
14,Bradshaw and Sons,Robertsside
15,Hines-Douglas,South Bettychester
16,Jenkins-Fields,East Chelsea
17,"Duarte, Greene and Dennis",West Chelseaburgh
18,"Garrett, Cohen and Crane",Lake Carolynfurt
19,"Dixon, Lee and Gentry",Woodbury
20,Kennedy Ltd,West David
21,Kline and Sons,Stevensmouth
22,Robles Group,Port Cassandramouth
23,Sanchez Ltd,North Kaitlynchester
24,"Cowan, Atkins and Jones",Rosarioside
25,Baldwin PLC,South Timothyton
26,Cain-Clayton,West Reginaldhaven
27,"Banks, Patterson and Martinez",Port Jose
28,"Molina, Rodriguez and Jackson",Douglasberg
29,Pope and Sons,Coltonland
30,Nolan-Vasquez,Port Jordan
31,Norris-Rivera,Lyonsshire
32,Wheeler-Juarez,New Keith
33,Beard PLC,Jenniferport
34,"Moore, Walters and Alvarez",Nunezberg
35,"Trujillo, Anderson and Lawson",Scottbury
36,Rosales PLC,Eddietown
37,Diaz-Romero,Woodsburgh
38,Schneider-Matthews,Alexandrafurt
39,Wong-Harrell,Thompsonfurt
40,Barnett Inc,Jeffreyborough
41,Hernandez PLC,Lake Jamesfort
42,Hudson-Fowler,Port Juliehaven
43,Figueroa LLC,South Conniemouth
44,"Jones, Tran and Nichols",Port Brianshire
45,"Wright, Scott and Stevenson",East Hannah
46,Thompson-Krause,Andrealand
47,"Lee, Rivas and Brown",New Kevin
48,Perez PLC,Marshallside
49,Flores Ltd,East Timothymouth
50,Alvarez Inc,New Tony
51,"Smith, Jordan and Stein",Watersborough
52,"Shaffer, Mendez and Bryant",West Karenview
53,Welch-Murphy,Palmerport
54,Camacho-Wright,Ericahaven
55,Garrett-Rodriguez,South Adam
56,"Ruiz, Martin and Jones",Chambersville
57,Peterson-Mcdaniel,East Kimberly
58,Lewis PLC,Lukehaven
59,Garcia-Evans,New Emily
60,Moore-Miranda,Port Eric
61,"Moore, Frye and Zavala",Chanview
62,Cantu Group,Nathanport
63,Acosta-Calderon,Shannonchester
64,"Long, Butler and Gill",Brownchester
65,Brewer-Taylor,Wangtown
66,"Harris, Bates and Scott",Andrewchester
67,Nguyen-Castro,Port Jason
68,"Alexander, Hill and Jones",West Jennifer
69,"Watkins, Crane and Arroyo",Wattsfort
70,Ramirez PLC,Brownton
71,"Cooper, Medina and Kim",Danielberg
72,"Jones, Rowland and Oconnor",Port Edward
73,Andrews-Hoffman,Sanchezshire
74,"Farmer, Green and Schmidt",Hannahberg
75,Harrell Ltd,Susanstad
76,Burgess-Lewis,Taylormouth
77,Cook-Byrd,Jonathantown
78,Wilson Group,Fosterfort
79,Decker Inc,Allenchester
80,Moyer LLC,Campbellmouth
81,"Jones, Jones and Davis",New Erichaven
82,Berry Group,Port Charles
83,"Jordan, Hill and Hayes",Lake Mark
84,Holland LLC,Rosechester
85,Morales LLC,New Mariatown
86,Perez Group,West Melissa
87,"Craig, Nguyen and Ellis",Port Lorraine
88,Barry-Espinoza,East Kendra
89,Parker Inc,New Carolynton
90,Fernandez Inc,Monicabury
91,"Clark, Turner and Coleman",Jesseborough
92,Johnson-Rich,Martinezfurt
93,Wallace Ltd,South Brandon
94,Ross-Harris,Lawrenceville
95,Costa PLC,East Katherineville
96,Yang-Howard,Robertborough
97,Marsh LLC,Scottville
98,Smith-James,Rossville
99,Ward-Collins,South Sonyaport
100,Key Inc,Liutown
101,Blair-Merritt,East Melanieburgh
102,"Smith, Stone and Taylor",Farmerton
103,"Lang, Cline and Guerrero",Christinaburgh
104,Thompson-Mayer,Lake Lisa
105,"White, Koch and Rodriguez",North Tyler
106,Powell-Brooks,Christytown
107,Rivera Group,Lake Monicachester
108,Ryan PLC,East Craig
109,Prince-Davis,North Tanyamouth
110,Chase-Herrera,Port Carrie
111,"Smith, Alvarez and Lam",Davidside
112,Krueger-Barnett,South Trevorshire
113,Martinez PLC,Port Sheri
114,Hopkins Ltd,Lake Richardville
115,Perez and Sons,Markmouth
116,"Garza, Black and Huerta",Kathleenberg
117,Henderson-Stanley,Lake Rebeccafurt
118,"Williams, Gonzalez and White",Lake Austin
119,Martin LLC,New Timothystad
120,Fuller PLC,Hayesborough
121,Howell-Gardner,Lake Joshuahaven
122,Rogers-Stafford,Matthewfort
123,"Bryant, Davis and Chase",Bryanstad
124,May-Oconnell,North Jeremy
125,Greer-Martinez,Davidstad
126,Chavez-Tran,Port Teresaburgh
127,Wilkins-Blackwell,East Mary
128,Parsons and Sons,Aliciaberg
129,"Heath, Warren and Mcbride",Amberhaven
130,Brooks Inc,Lake Cynthia
131,"Perez, Arias and Moran",Garrisonview
132,Haley Group,Peterhaven
133,English-Mcdonald,Lake Sharon
134,Jones Ltd,Jasonland
135,Fischer and Sons,South Lynn
136,Myers and Sons,Myersborough
137,Flowers Inc,West Donald
138,Martinez-Singh,East Scott
139,"Hill, Murphy and Walsh",Alexandriafort
140,Guerrero LLC,New Juliamouth
141,Jones Ltd,Nancyton
142,Massey-Scott,Simmonsburgh
143,"Holt, Bauer and Blake",New Dakota
144,"Morrison, George and Cox",Copelandchester
145,Brown-Garcia,Meganview
146,Bowman-Murphy,Tonyaland
147,Garcia Group,New Troy
148,"Hamilton, Baker and Osborn",Castroshire
149,Obrien-Harrell,Williamsville
150,"Massey, Day and Garcia",North Tammybury
151,Carpenter-Fletcher,Ochoaton
152,Holland-Alexander,Berryhaven
153,Bentley Ltd,Caldwelltown
154,Bradley Inc,Coreychester
155,Daniel LLC,Lorettastad
156,Beltran-Wright,Bowersmouth
157,Lyons-Walters,East Angela
158,"Wong, Yang and Mullins",Port Vincent
159,Cook PLC,West Maria
160,Sloan Inc,Edwardsfort
161,"Lopez, Reyes and Baker",Bellmouth
162,Fischer-Chung,Allenborough
163,"Collins, Hunter and May",Katherineside
164,Sanders Ltd,East Clarencefurt
165,Thomas-Peterson,Randyfurt
166,Kirk Ltd,Christinaland
167,Key-Ramos,East Amyview
168,Simpson Ltd,East Nancy
169,Wong-Robinson,West Johntown
170,"Webb, Gonzales and Hawkins",South Jacob
171,"Carpenter, Burton and Oneal",Francisstad
172,Reynolds-Diaz,West Amber
173,Rubio and Sons,Michellebury
174,"Riley, Davis and Lowery",Nicholsville
175,"Perez, Bailey and Park",South Joseph
176,Stevens Group,Garzaland
177,Johnson Group,West Thomasberg
178,Fleming Inc,Ashleytown
179,"Harper, Jordan and Duran",South Jason
180,Collins-Terry,Markshire
181,"Shah, Thomas and Ryan",Michelleton
182,"Webster, Matthews and Hampton",New Brycechester
183,"Martin, Lee and Petty",Port Howard
184,"Mcfarland, Chandler and Rivera",South Audreyfurt
185,James-Wells,Isaacport
186,Thompson-Jordan,Victorburgh
187,Morales-Perez,West Shannonville
188,"Scott, Suarez and Brown",Lake Nathanielburgh
189,Stuart PLC,North Markport
190,Marsh PLC,Micheleburgh
191,Fields Group,New Jeffery
192,Davis-Vega,New Neil
193,Vance Ltd,New Eduardo
194,Johnson-Williams,Port Sarahport
195,Bailey and Sons,North Tyler
196,"Moore, Austin and Rogers",Mcfarlandside
197,Bowers-Raymond,West Johnberg
198,Horne Group,Port Richard
199,Brown-Haas,Cochranshire
200,Abbott Inc,Rhondashire
201,"Park, Boyd and Sherman",West Luke
202,Gallagher-Carter,Powellfurt
203,Henry Group,West Annafurt
204,Jimenez-Hartman,Kelliton
205,"Guerra, Lopez and Davis",Lake Lee
206,Ferguson Inc,Paulstad
207,"Williams, Bryan and Russo",New Nathan
208,"Williams, Lewis and Bryant",East Jennifer
209,Klein Group,New Danielle
210,Williams Group,Lake Darren
211,Smith-Allen,Traceyfurt
212,Watson Group,East Donaldbury
213,"Barnett, Macias and Henderson",Jamieview
214,Vaughn-Perry,Bennettborough
215,King-Smith,Williamsmouth
216,Alvarado and Sons,Lake Dannyburgh
217,Jones-Herrera,Lake Jonathan
218,"Espinoza, Neal and Mitchell",Justinshire
219,Rodriguez-Wilson,North Angela
220,Gonzalez-Holmes,South Timothyville
221,Johnson Group,North Kathryn
222,Allen PLC,Samuelberg
223,Harper-Williams,Port Jason
224,Williams-Smith,West Michele
225,Weeks-Bell,Lake Brian
226,Hernandez-Carter,East Jackborough
227,Barrett-Gonzales,Jonesbury
228,"Rice, Hawkins and Thomas",Brianland
229,Holmes-Smith,Lake Sarah
230,Johnson-Valenzuela,North Patrick
231,"Brown, Hughes and Bradley",Port Courtney
232,"Gardner, Smith and Holloway",Pinedafurt
233,Jennings-Hughes,Lake Tracy
234,Reed-Travis,Mendozaberg
235,Herrera-Ward,West Dana
236,Mccarty Group,Nicolestad
237,"Smith, Trujillo and Thomas",Jenkinsside
238,Archer and Sons,Jaredfurt
239,Stephenson-Murray,Wallacefurt
240,Cox-Nguyen,Andersonhaven
241,Sanchez Ltd,New James
242,"Hopkins, Montgomery and Mccullough",Brooksport
243,Long Group,New Deniseport
244,"Jenkins, Gonzalez and Morgan",Lake Patrick
245,"Reynolds, Hahn and Johnson",South Ashley
246,Nelson Ltd,Lake Richard
247,Hernandez LLC,Sanchezberg
248,Stewart-Fitzpatrick,Lake Coltonland
249,Smith Inc,Melissamouth
250,Harris-Hernandez,West Mary
251,Hanson-Stewart,Alvarezburgh
252,Turner-Lang,East Frank
253,Patel PLC,Mooreside
254,"Harrison, Lucero and Vaughn",North Elizabeth
255,Blankenship Inc,East Nicolefort
256,Woods-Wang,Sarahshire
257,"White, Shannon and Waller",Nicoleland
258,Jones-Taylor,Ericaberg
259,Haney Ltd,Lake Malik
260,"Mcguire, Buchanan and Gomez",Smithshire
261,Frey-Diaz,Jamesview
262,"Strong, Johnson and Flores",North Debra
263,"Parker, Cole and Hamilton",West Karenmouth
264,"Miller, Arnold and Anderson",Lake Ashleyport
265,Gonzalez-Harrison,Johnsonview
266,"Brooks, Richardson and Hunt",Russellmouth
267,Hahn Ltd,Andreafort
268,Adams-Gentry,Port Elizabethmouth
269,"Huang, Johnson and Anderson",East Charlesstad
270,Moore and Sons,Port Charlestown
271,"Roman, Berg and Williamson",New Connie
272,Welch-Rivera,New Davidberg
273,Hardin Inc,North Jennifer
274,Smith Ltd,East Brendan
275,Hughes Ltd,South Lisa
276,"Travis, Jacobs and Lopez",Jessicashire
277,Ramos PLC,North Gregoryborough
278,Thomas-Weaver,Lake David
279,Lopez LLC,East Ralph
280,"Phillips, Gutierrez and Davidson",South John
281,Moss-Schmidt,Juanburgh
282,Brown Group,Raventon
283,"Campos, Jordan and Craig",Smithland
284,Chapman-Hendricks,Helenland
285,"Baker, Franco and Hayes",Woodport
286,Edwards-Duarte,East Brenda
287,Vazquez Group,Hobbsmouth
288,Ford-Nolan,Hernandezfurt
289,Herring-Marks,Patrickberg
290,Diaz-Hamilton,East Brittany
291,Robinson Inc,Kennedyview
292,Gonzalez-Crawford,West Maria
293,"Ramirez, Lee and Lawson",Reynoldsburgh
294,Costa-Brown,North Stephaniefort
295,"Roberts, Young and Harding",South Tracy
296,Welch-Morgan,Gabriellachester
297,"Martinez, Anderson and Campbell",Lindsayberg
298,Cunningham-Wells,South Mitchellbury
299,Blackburn Ltd,Port Rachel
300,"Moon, Kaufman and Buchanan",Barbaramouth
301,"Lee, Martinez and Morris",Lake Brittany
302,Li and Sons,Elliotttown
303,Dixon-Davis,New Marc
304,"Henry, Morrison and Macdonald",Carlfurt
305,Moody LLC,West Melanie
306,Wells and Sons,West Michaelfort
307,"Thomas, Nelson and Flores",Cassandraside
308,Holloway Ltd,New Cassie
309,Quinn-Moss,New Lauren
310,Wright-Bennett,West Joseberg
311,Johnson-Pearson,Millermouth
312,Griffin Group,New Sean
313,Rodriguez-Hill,Jamesmouth
314,Martin-Anderson,North Brianmouth
315,"Woods, Thomas and Decker",Piercechester
316,"Nguyen, Thompson and Austin",Lake Justinshire
317,"Williams, Hunt and Sharp",South Caleb
318,Taylor Inc,Lake Jimmy
319,Compton-Morgan,Cooperland
320,Morales-Brown,Mayfurt
321,"Moore, Carson and Olsen",Mooreview
322,Allen Ltd,North Dawnbury
323,Williams-Robinson,East Stephanie
324,Mason LLC,Avilafurt
325,Dixon LLC,Johnsonchester
326,"Jones, Gonzalez and Johnson",New Travis
327,Miles-Perkins,Williamburgh
328,Lewis-Herrera,Josephstad
329,"Price, Davenport and Webster",Matthewmouth
330,Long-Santos,Johnsonhaven
331,Harris-Rodriguez,Ballardborough
332,Wolf Ltd,Marissaborough
333,"Meyers, Ward and Brown",New Pamela
334,Robinson-Johnson,East Mariamouth
335,Porter Ltd,Cortezmouth
336,Guzman-Martin,Castilloport
337,"Mathews, Wright and Jensen",Port Anthonyton
338,Arroyo Inc,Seanshire
339,Davis LLC,Lake James
340,Harmon-Watson,Roberttown
341,Townsend-Roach,Donaldmouth
342,Martinez Ltd,South Gregville
343,Hardy Group,Josephshire
344,Brown-Holt,North Raymond
345,Johnson-Jimenez,Gutierreztown
346,"Merritt, Douglas and Chung",Jenniferfort
347,Pham Inc,Sylviaborough
348,Norris Inc,Port Annachester
349,"Crane, Freeman and Hall",West Michaelstad
350,Hoover-Stephens,Donnastad
351,"Arnold, Thomas and Moss",Richardshire
352,Watson-Lucero,Dylanfort
353,"Daniels, Ward and Reynolds",Nicolemouth
354,Brewer-Hayes,North Matthew
355,"Thomas, Peterson and Chen",Port Lauren
356,Rowland and Sons,Millerchester
357,Mooney PLC,New Daletown
358,Michael-Ortega,Lake Jeremy
359,"French, Burns and Nguyen",Amyfurt
360,"Sandoval, Long and Ray",Wattsville
361,Bowman Group,Port Heather
362,Moran PLC,South Drewland
363,"Clements, Allen and Sullivan",New Danielle
364,Johnson Inc,Davidburgh
365,"Jones, King and Tapia",Duffyfurt
366,Wolfe LLC,Paulborough
367,Patterson-Lawrence,Reidshire
368,Shelton Inc,Florestown
369,Haynes-Callahan,Mullinsville
370,Barker-Oliver,Stacyfort
371,James Group,South Johnnyland
372,Sanchez Ltd,South Noahmouth
373,Munoz Group,West Kylemouth
374,Austin Inc,Lake Davidtown
375,"Wallace, Shaw and Ford",Solisside
376,"Ramsey, King and Wilson",Thompsonmouth
377,Nash-Williams,Ronaldberg
378,Gonzalez Group,North Paul
379,"Roman, Whitehead and Barton",West Ianmouth
380,"Silva, Snyder and Reeves",North Frankberg
381,"Irwin, Jacobs and Johnson",Richardsonchester
382,Erickson Ltd,Cynthiaville
383,Wells-Ramirez,Jonesland
384,Rich-Ortega,Moralesbury
385,Martinez and Sons,New Jacobborough
386,Keller-Gardner,Timothyburgh
387,"Gutierrez, Castro and Hall",West Dean
388,"Myers, Watson and Dixon",North Aliciaview
389,"Moreno, Turner and Cain",Samanthafort
390,Lopez Group,Mendozaville
391,Hughes Ltd,East Elizabethhaven
392,Callahan Inc,Palmerland
393,"Martin, Sims and Gutierrez",Sharonview
394,Brown-Reynolds,Kimberlytown
395,Powers LLC,Colebury
396,"Solomon, Mendoza and Avery",Lucasburgh
397,George LLC,Mejiachester
398,"Johnson, Jones and Miller",Port Darlene
399,Ramirez-Campbell,Kevinside
400,"Murphy, Parker and Fry",Hughesshire
401,"Castro, Fleming and Greene",South Matthew
402,"Burns, Peterson and Black",West Crystalview
403,Wheeler-Perez,Rebeccashire
404,Bailey LLC,Port Matthew
405,"Jenkins, Baker and Coleman",Port Chloe
406,Pham Ltd,Jamesstad
407,"Daniels, Morris and Yates",North Jenny
408,Little-Harris,Isaacfort
409,Sanchez-Washington,Sarahmouth
410,"Peterson, Scott and Jones",South Lisafurt
411,Jones LLC,Gibsonside
412,"Nicholson, Dixon and Fisher",Brentchester
413,"Holden, Larson and Alvarez",Edwardsberg
414,Martinez Inc,Port Chadville
415,"Nichols, Anderson and Davis",Harrisshire
416,Smith LLC,Justinbury
417,Robinson PLC,Sarahstad
418,Hernandez PLC,Kathrynburgh
419,Harris-Jensen,North Ashley
420,"Irwin, Nelson and Tucker",East Meganbury
421,Stevens and Sons,East Joshua
422,Allen LLC,Rileyfurt
423,Lewis-Garcia,South Jennifermouth
424,Stevenson Group,Johnsonview
425,Macias Group,Clarkehaven
426,Morris-Porter,Masseyborough
427,Thomas-Jones,Jacksonfurt
428,Robinson LLC,Hillport
429,Gray Group,Lake Savannahbury
430,"Wolfe, Chavez and Mcbride",Armstrongstad
431,Smith-Graham,Blankenshipland
432,Scott-Perez,Rhondaview
433,Moore-Robinson,Port Barry
434,Diaz-Hodges,Lake Ruthland
435,"Dominguez, Williams and Miller",Shawnport
436,Garrison LLC,East Robert
437,Meyer and Sons,New Brettburgh
438,Kelley-Mcmahon,East Andre
439,Morrison Inc,Port Craigburgh
440,"Martinez, Ford and Hodges",East Amanda
441,Sanchez Inc,Melissaview
442,"Li, Mason and Jacobson",Taylorton
443,Moore-Anderson,Audreyview
444,Sanchez-Thompson,Lake Johnton
445,Mcgrath and Sons,West Stevenfort
446,"Webster, Pierce and Barber",Haydenhaven
447,Hartman-Ray,Waltonhaven
448,Jackson-Hodge,Port Benjamin
449,Greene LLC,Darrellchester
450,Bennett-Brooks,Tonytown
451,Graham Ltd,South Michelle
452,"Taylor, Leon and Sanders",North Rachel
453,King-Ross,Watsonborough
454,Anderson-Moyer,East Penny
455,Phillips Inc,Stevenfurt
456,"Wiggins, Miller and Carter",Williamsfort
457,Gomez and Sons,Sandraburgh
458,Gay and Sons,Brianhaven
459,Mccoy LLC,South Richardmouth
460,Howell-Mitchell,Port Zacharyville
461,Blake-Hamilton,Lake Kimberlyshire
462,"Jones, Donaldson and Fitzpatrick",Riveramouth
463,"Sharp, Adams and Thomas",North Christina
464,Foster-Williams,Alexanderberg
465,Barnes and Sons,Lloydberg
466,Payne-Scott,North Vickie
467,Trevino LLC,Buchananbury
468,Herman-Martin,Wilsonmouth
469,Jensen-Krause,Sosaview
470,"Hansen, Small and Olsen",Crystalmouth
471,"Moore, Fleming and Moran",Lindabury
472,Briggs Group,Nelsonhaven
473,Porter-Ramsey,Williamsshire
474,Solis-Scott,New Jeffrey
475,Gilmore and Sons,Steinville
476,"Daniels, Cox and Newton",Knightport
477,Sanchez PLC,Fryland
478,Howe-Brown,Briggsberg
479,Kennedy-Johnson,Davidbury
480,Koch-Vasquez,Chapmanfurt
481,Atkinson-Mitchell,West Erik
482,Watkins-Castaneda,North Christophertown
483,Fernandez Group,Port Lindseyberg
484,Smith and Sons,East Kellystad
485,"Jennings, Serrano and Howard",North Frederickport
486,Garcia-Davies,North Christinaborough
487,Prince Group,West Brittneyhaven
488,Decker LLC,North Steven
489,Moore-Parsons,South Catherineport
490,Long LLC,Lake Thomas
491,Howard-Hicks,Desireefurt
492,Roman-Young,Elizabethborough
493,Murray Ltd,North Christopher
494,"Golden, Hernandez and Bolton",East Jennifer
495,Townsend-Watts,Lake Timothy
496,Martinez-Newman,Sharonborough
497,Douglas-Diaz,Leeland
498,Johnson LLC,Lopezfort
499,Barrett-Sanders,Shannonmouth
500,"Levy, Henderson and Edwards",North Misty
